timestamp,device_id,load_core_0
1759305676,server.bnsdq.ozxfs.rzona.kvugl,17.000000000007276
1759305682,server.bnsdq.ozxfs.rzona.kvugl,9.900990098998756
1759305688,server.bnsdq.ozxfs.rzona.kvugl,2.040816326529665
1759305694,server.bnsdq.ozxfs.rzona.kvugl,14.000000000010004
1759305700,server.bnsdq.ozxfs.rzona.kvugl,27.999999999969077
1759305706,server.bnsdq.ozxfs.rzona.kvugl,7.070707070689207
1759305712,server.bnsdq.ozxfs.rzona.kvugl,0.9999999999990905
1759305718,server.bnsdq.ozxfs.rzona.kvugl,16.1616161615983
1759305724,server.bnsdq.ozxfs.rzona.kvugl,2.0202020202198834
1759305730,server.bnsdq.ozxfs.rzona.kvugl,0.9999999999990905
1759305736,server.bnsdq.ozxfs.rzona.kvugl,23.00000000000182
1759305742,server.bnsdq.ozxfs.rzona.kvugl,3.999999999996362
1759305748,server.bnsdq.ozxfs.rzona.kvugl,16.326530612260523
1759305754,server.bnsdq.ozxfs.rzona.kvugl,24.24242424243051
1759305760,server.bnsdq.ozxfs.rzona.kvugl,99.99999999997749
1759305766,server.bnsdq.ozxfs.rzona.kvugl,100
1759305772,server.bnsdq.ozxfs.rzona.kvugl,99.99999999997529
1759305778,server.bnsdq.ozxfs.rzona.kvugl,99.9999999999554
1759305784,server.bnsdq.ozxfs.rzona.kvugl,100
1759305790,server.bnsdq.ozxfs.rzona.kvugl,100
1759305796,server.bnsdq.ozxfs.rzona.kvugl,3.0303030303183416
1759305802,server.bnsdq.ozxfs.rzona.kvugl,15.841584158426542
1759305808,server.bnsdq.ozxfs.rzona.kvugl,11.999999999989996
1759305814,server.bnsdq.ozxfs.rzona.kvugl,3.0303030303009426
1759305820,server.bnsdq.ozxfs.rzona.kvugl,11.11111111108304
1759305826,server.bnsdq.ozxfs.rzona.kvugl,13.999999999961801
1759305832,server.bnsdq.ozxfs.rzona.kvugl,6.060606060624852
1759305838,server.bnsdq.ozxfs.rzona.kvugl,0.9999999999990905
1759305844,server.bnsdq.ozxfs.rzona.kvugl,16.000000000008185
1759305850,server.bnsdq.ozxfs.rzona.kvugl,4.9504950495082936
1759305856,server.bnsdq.ozxfs.rzona.kvugl,11.22448979591316
1759305862,server.bnsdq.ozxfs.rzona.kvugl,3.0303030303009426
1759305868,server.bnsdq.ozxfs.rzona.kvugl,7.368421052633342
1759305874,server.bnsdq.ozxfs.rzona.kvugl,4.0404040404168
1759305880,server.bnsdq.ozxfs.rzona.kvugl,4.166666666658772
1759305886,server.bnsdq.ozxfs.rzona.kvugl,13.861386138620771
1759305892,server.bnsdq.ozxfs.rzona.kvugl,22.916666666690354
1759305898,server.bnsdq.ozxfs.rzona.kvugl,12.871287128720896
1759305904,server.bnsdq.ozxfs.rzona.kvugl,18.367346938790188
1759305910,server.bnsdq.ozxfs.rzona.kvugl,14.851485148498133
1759305916,server.bnsdq.ozxfs.rzona.kvugl,6.25
1759305922,server.bnsdq.ozxfs.rzona.kvugl,3.0927835051481147
1759305928,server.bnsdq.ozxfs.rzona.kvugl,27.55102040817368
1759305934,server.bnsdq.ozxfs.rzona.kvugl,4.166666666642982
1759305940,server.bnsdq.ozxfs.rzona.kvugl,5.999999999994543
1759305946,server.bnsdq.ozxfs.rzona.kvugl,20.408163265296654
1759305952,server.bnsdq.ozxfs.rzona.kvugl,11.764705882359497
1759305958,server.bnsdq.ozxfs.rzona.kvugl,2.083333333333333
1759305964,server.bnsdq.ozxfs.rzona.kvugl,19.801980197997512
1759305970,server.bnsdq.ozxfs.rzona.kvugl,7.070707070689207
1759305976,server.bnsdq.ozxfs.rzona.kvugl,4.950495049499378
1759305982,server.bnsdq.ozxfs.rzona.kvugl,4.081632653082532
1759305988,server.bnsdq.ozxfs.rzona.kvugl,12.371134020615656
1759305994,server.bnsdq.ozxfs.rzona.kvugl,14.432989690718268
1759306000,server.bnsdq.ozxfs.rzona.kvugl,17.89473684213348
1759306006,server.bnsdq.ozxfs.rzona.kvugl,21.000000000003638
1759306012,server.bnsdq.ozxfs.rzona.kvugl,10.526315789500137
1759306018,server.bnsdq.ozxfs.rzona.kvugl,11.538461538461538
1759306024,server.bnsdq.ozxfs.rzona.kvugl,4.081632653082532
1759306030,server.bnsdq.ozxfs.rzona.kvugl,24.038461538441357
1759306036,server.bnsdq.ozxfs.rzona.kvugl,16.32653061223022
1759306042,server.bnsdq.ozxfs.rzona.kvugl,3.092783505153914
1759306048,server.bnsdq.ozxfs.rzona.kvugl,3.999999999996362
1759306054,server.bnsdq.ozxfs.rzona.kvugl,5.999999999983629
1759306060,server.bnsdq.ozxfs.rzona.kvugl,0
1759306066,server.bnsdq.ozxfs.rzona.kvugl,4.950495049499378
1759306072,server.bnsdq.ozxfs.rzona.kvugl,15.841584158420522
1759306078,server.bnsdq.ozxfs.rzona.kvugl,13.131313131304085
1759306084,server.bnsdq.ozxfs.rzona.kvugl,4.08163265305933
1759306090,server.bnsdq.ozxfs.rzona.kvugl,14.285714285707657
1759306096,server.bnsdq.ozxfs.rzona.kvugl,8.999999999991815
1759306102,server.bnsdq.ozxfs.rzona.kvugl,3.960396039622015
1759306108,server.bnsdq.ozxfs.rzona.kvugl,23.762376237619527
1759306114,server.bnsdq.ozxfs.rzona.kvugl,18.999999999970896
1759306120,server.bnsdq.ozxfs.rzona.kvugl,5.1020408163241635
1759306126,server.bnsdq.ozxfs.rzona.kvugl,0
1759306132,server.bnsdq.ozxfs.rzona.kvugl,15.151515151504713
1759306138,server.bnsdq.ozxfs.rzona.kvugl,2.9999999999972715
1759306144,server.bnsdq.ozxfs.rzona.kvugl,7.999999999992724
1759306150,server.bnsdq.ozxfs.rzona.kvugl,15.000000000009095
1759306156,server.bnsdq.ozxfs.rzona.kvugl,5.0505050504922915
1759306162,server.bnsdq.ozxfs.rzona.kvugl,0
1759306168,server.bnsdq.ozxfs.rzona.kvugl,3.000000000014552
1759306174,server.bnsdq.ozxfs.rzona.kvugl,3.061224489794498
1759306180,server.bnsdq.ozxfs.rzona.kvugl,0
1759306186,server.bnsdq.ozxfs.rzona.kvugl,17.82178217819776
1759306192,server.bnsdq.ozxfs.rzona.kvugl,14.999999999986358
1759306198,server.bnsdq.ozxfs.rzona.kvugl,8.080808080802514
1759306204,server.bnsdq.ozxfs.rzona.kvugl,2.9999999999972715
1759306210,server.bnsdq.ozxfs.rzona.kvugl,14.141414141401382
1759306216,server.bnsdq.ozxfs.rzona.kvugl,10.10101010100314
1759306222,server.bnsdq.ozxfs.rzona.kvugl,15.30612244899569
1759306228,server.bnsdq.ozxfs.rzona.kvugl,0
1759306234,server.bnsdq.ozxfs.rzona.kvugl,15.30612244897249
1759306240,server.bnsdq.ozxfs.rzona.kvugl,2.0202020202006286
1759306246,server.bnsdq.ozxfs.rzona.kvugl,0
1759306252,server.bnsdq.ozxfs.rzona.kvugl,5.999999999994543
1759306258,server.bnsdq.ozxfs.rzona.kvugl,16.326530612260523
1759306264,server.bnsdq.ozxfs.rzona.kvugl,0
1759306270,server.bnsdq.ozxfs.rzona.kvugl,3.999999999996362
1759306276,server.bnsdq.ozxfs.rzona.kvugl,3.0303030303183416
1759306282,server.bnsdq.ozxfs.rzona.kvugl,1.010101010077347
1759306288,server.bnsdq.ozxfs.rzona.kvugl,2.9999999999972715
1759306294,server.bnsdq.ozxfs.rzona.kvugl,30.00000000005002
1759306300,server.bnsdq.ozxfs.rzona.kvugl,10.101010101026109
1759306306,server.bnsdq.ozxfs.rzona.kvugl,3.999999999996362
1759306312,server.bnsdq.ozxfs.rzona.kvugl,17.000000000007276
1759306318,server.bnsdq.ozxfs.rzona.kvugl,13.265306122466026
1759306324,server.bnsdq.ozxfs.rzona.kvugl,4.950495049499378
1759306330,server.bnsdq.ozxfs.rzona.kvugl,14.285714285704342
1759306336,server.bnsdq.ozxfs.rzona.kvugl,16.000000000008185
1759306342,server.bnsdq.ozxfs.rzona.kvugl,5.1020408163241635
1759306348,server.bnsdq.ozxfs.rzona.kvugl,0
1759306354,server.bnsdq.ozxfs.rzona.kvugl,3.960396039599502
1759306360,server.bnsdq.ozxfs.rzona.kvugl,2.9999999999972715
1759306366,server.bnsdq.ozxfs.rzona.kvugl,16.666666666644375
1759306372,server.bnsdq.ozxfs.rzona.kvugl,6.930693069299129
1759306378,server.bnsdq.ozxfs.rzona.kvugl,15.30612244899569
1759306384,server.bnsdq.ozxfs.rzona.kvugl,9.900990099016587
1759306390,server.bnsdq.ozxfs.rzona.kvugl,3.0303030303239096
1759306396,server.bnsdq.ozxfs.rzona.kvugl,99.99999999997749
1759306402,server.bnsdq.ozxfs.rzona.kvugl,100
1759306408,server.bnsdq.ozxfs.rzona.kvugl,99.00990099007761
1759306414,server.bnsdq.ozxfs.rzona.kvugl,2.0000000000209184
1759306420,server.bnsdq.ozxfs.rzona.kvugl,12.000000000011823
1759306426,server.bnsdq.ozxfs.rzona.kvugl,2.9999999999918145
1759306432,server.bnsdq.ozxfs.rzona.kvugl,0
1759306438,server.bnsdq.ozxfs.rzona.kvugl,14.141414141427363
1759306444,server.bnsdq.ozxfs.rzona.kvugl,19.801980198020026
1759306450,server.bnsdq.ozxfs.rzona.kvugl,0
1759306456,server.bnsdq.ozxfs.rzona.kvugl,2.0202020202006286
1759306462,server.bnsdq.ozxfs.rzona.kvugl,3.999999999996362
1759306468,server.bnsdq.ozxfs.rzona.kvugl,0
1759306474,server.bnsdq.ozxfs.rzona.kvugl,2.040816326529665
1759306480,server.bnsdq.ozxfs.rzona.kvugl,23.762376237619527
1759306486,server.bnsdq.ozxfs.rzona.kvugl,4.000000000019099
1759306492,server.bnsdq.ozxfs.rzona.kvugl,3.999999999996362
1759306498,server.bnsdq.ozxfs.rzona.kvugl,15.000000000036378
1759306504,server.bnsdq.ozxfs.rzona.kvugl,8.080808080810632
1759306510,server.bnsdq.ozxfs.rzona.kvugl,24.00000000000091
1759306516,server.bnsdq.ozxfs.rzona.kvugl,24.75247524754147
1759306522,server.bnsdq.ozxfs.rzona.kvugl,15.30612244899569
1759306529,server.bnsdq.ozxfs.rzona.kvugl,3.030303030283543
1759306535,server.bnsdq.ozxfs.rzona.kvugl,0
1759306541,server.bnsdq.ozxfs.rzona.kvugl,15.151515151504713
1759306547,server.bnsdq.ozxfs.rzona.kvugl,1.999999999998181
1759306553,server.bnsdq.ozxfs.rzona.kvugl,14.000000000010004
1759306559,server.bnsdq.ozxfs.rzona.kvugl,3.999999999996362
1759306565,server.bnsdq.ozxfs.rzona.kvugl,2.0202020201969164
1759306571,server.bnsdq.ozxfs.rzona.kvugl,0
1759306577,server.bnsdq.ozxfs.rzona.kvugl,2.999999999974534
1759306583,server.bnsdq.ozxfs.rzona.kvugl,3.960396039622015
1759306589,server.bnsdq.ozxfs.rzona.kvugl,13.861386138598258
1759306595,server.bnsdq.ozxfs.rzona.kvugl,1.999999999998181
1759306601,server.bnsdq.ozxfs.rzona.kvugl,14.141414141404399
1759306607,server.bnsdq.ozxfs.rzona.kvugl,8.00000000000091
1759306613,server.bnsdq.ozxfs.rzona.kvugl,3.000000000020009
1759306619,server.bnsdq.ozxfs.rzona.kvugl,14.141414141404399
1759306625,server.bnsdq.ozxfs.rzona.kvugl,18.181818181805653
1759306631,server.bnsdq.ozxfs.rzona.kvugl,17.171717171682374
1759306637,server.bnsdq.ozxfs.rzona.kvugl,0
1759306643,server.bnsdq.ozxfs.rzona.kvugl,15.30612244899569
1759306649,server.bnsdq.ozxfs.rzona.kvugl,2.999999999969077
1759306655,server.bnsdq.ozxfs.rzona.kvugl,2.970297029699627
1759306661,server.bnsdq.ozxfs.rzona.kvugl,21.000000000003638
1759306667,server.bnsdq.ozxfs.rzona.kvugl,14.999999999981812
1759306673,server.bnsdq.ozxfs.rzona.kvugl,0
1759306679,server.bnsdq.ozxfs.rzona.kvugl,2.0202020202006286
1759306685,server.bnsdq.ozxfs.rzona.kvugl,3.9999999999736247
1759306691,server.bnsdq.ozxfs.rzona.kvugl,2.0202020202006286
1759306697,server.bnsdq.ozxfs.rzona.kvugl,4.000000000003638
1759306703,server.bnsdq.ozxfs.rzona.kvugl,30.00000000005002
1759306709,server.bnsdq.ozxfs.rzona.kvugl,8.999999999991815
1759306715,server.bnsdq.ozxfs.rzona.kvugl,3.999999999996362
1759306721,server.bnsdq.ozxfs.rzona.kvugl,0.9999999999990905
1759306727,server.bnsdq.ozxfs.rzona.kvugl,14.851485148520647
1759306733,server.bnsdq.ozxfs.rzona.kvugl,2.9999999999972715
1759306739,server.bnsdq.ozxfs.rzona.kvugl,16.666666666666664
1759306745,server.bnsdq.ozxfs.rzona.kvugl,15.841584158443034
1759306751,server.bnsdq.ozxfs.rzona.kvugl,3.921568627445735
1759306757,server.bnsdq.ozxfs.rzona.kvugl,0.9999999999990905
1759306763,server.bnsdq.ozxfs.rzona.kvugl,3.0303030303009426
1759306769,server.bnsdq.ozxfs.rzona.kvugl,2.9999999999972715
1759306775,server.bnsdq.ozxfs.rzona.kvugl,15.15151515149984
1759306781,server.bnsdq.ozxfs.rzona.kvugl,5.940594059399254
1759306787,server.bnsdq.ozxfs.rzona.kvugl,11.764705882358188
1759306793,server.bnsdq.ozxfs.rzona.kvugl,8.080808080802514
1759306799,server.bnsdq.ozxfs.rzona.kvugl,3.999999999996362
1759306805,server.bnsdq.ozxfs.rzona.kvugl,15.151515151527677
1759306811,server.bnsdq.ozxfs.rzona.kvugl,20.202020201992134
1759306817,server.bnsdq.ozxfs.rzona.kvugl,6.930693069331671
1759306823,server.bnsdq.ozxfs.rzona.kvugl,0.9900990099241711
1759306829,server.bnsdq.ozxfs.rzona.kvugl,16.831683168297886
1759306835,server.bnsdq.ozxfs.rzona.kvugl,3.03030303030651
1759306841,server.bnsdq.ozxfs.rzona.kvugl,2.1052631578912098
1759306847,server.bnsdq.ozxfs.rzona.kvugl,21.428571428544913
1759306853,server.bnsdq.ozxfs.rzona.kvugl,24.752475247519403
1759306859,server.bnsdq.ozxfs.rzona.kvugl,2.083333333329386
1759306865,server.bnsdq.ozxfs.rzona.kvugl,11.224489795915527
1759306871,server.bnsdq.ozxfs.rzona.kvugl,5.1546391752565235
1759306877,server.bnsdq.ozxfs.rzona.kvugl,6.796116504877944
1759306883,server.bnsdq.ozxfs.rzona.kvugl,5.208333333333334
1759306889,server.bnsdq.ozxfs.rzona.kvugl,28.571428571408685
1759306895,server.bnsdq.ozxfs.rzona.kvugl,14.141414141427363
1759306901,server.bnsdq.ozxfs.rzona.kvugl,6.185567010307828
1759306907,server.bnsdq.ozxfs.rzona.kvugl,18.367346938756096
1759306913,server.bnsdq.ozxfs.rzona.kvugl,17.525773195862758
1759306919,server.bnsdq.ozxfs.rzona.kvugl,7.142857142850515
1759306925,server.bnsdq.ozxfs.rzona.kvugl,19.19191919189367
1759306931,server.bnsdq.ozxfs.rzona.kvugl,18.999999999970896
1759306937,server.bnsdq.ozxfs.rzona.kvugl,8.999999999998181
1759306943,server.bnsdq.ozxfs.rzona.kvugl,9.615384615406478
1759306949,server.bnsdq.ozxfs.rzona.kvugl,6.122448979588996
1759306955,server.bnsdq.ozxfs.rzona.kvugl,8.247422680425903
1759306961,server.bnsdq.ozxfs.rzona.kvugl,17.17171717170534
1759306967,server.bnsdq.ozxfs.rzona.kvugl,5.263157894738102
1759306973,server.bnsdq.ozxfs.rzona.kvugl,8.08080808082548
1759306979,server.bnsdq.ozxfs.rzona.kvugl,12.5
1759306985,server.bnsdq.ozxfs.rzona.kvugl,12.871287128744077
1759306991,server.bnsdq.ozxfs.rzona.kvugl,18.556701030981724
1759306997,server.bnsdq.ozxfs.rzona.kvugl,16.66666666672611
1759307003,server.bnsdq.ozxfs.rzona.kvugl,12.5
1759307009,server.bnsdq.ozxfs.rzona.kvugl,29.702970297018783
1759307015,server.bnsdq.ozxfs.rzona.kvugl,56.12244897953123
1759307021,server.bnsdq.ozxfs.rzona.kvugl,99.99999999997556
1759307027,server.bnsdq.ozxfs.rzona.kvugl,99.99999999988518
1759307033,server.bnsdq.ozxfs.rzona.kvugl,8.000000000030013
1759307039,server.bnsdq.ozxfs.rzona.kvugl,4.9999999999954525
1759307045,server.bnsdq.ozxfs.rzona.kvugl,20.792079207957347
1759307051,server.bnsdq.ozxfs.rzona.kvugl,16.161616161627993
1759307057,server.bnsdq.ozxfs.rzona.kvugl,4.901960784307169
1759307063,server.bnsdq.ozxfs.rzona.kvugl,1.0000000000218279
1759307069,server.bnsdq.ozxfs.rzona.kvugl,20.588235294112405
1759307075,server.bnsdq.ozxfs.rzona.kvugl,2.040816326529665
1759307081,server.bnsdq.ozxfs.rzona.kvugl,12.121212121226737
1759307087,server.bnsdq.ozxfs.rzona.kvugl,3.0303030303009426
1759307093,server.bnsdq.ozxfs.rzona.kvugl,3.0303030303009426
1759307099,server.bnsdq.ozxfs.rzona.kvugl,2.000000000001819
1759307105,server.bnsdq.ozxfs.rzona.kvugl,4.950495049521891
1759307111,server.bnsdq.ozxfs.rzona.kvugl,2.0202020202043403
1759307117,server.bnsdq.ozxfs.rzona.kvugl,12.121212121226737
1759307123,server.bnsdq.ozxfs.rzona.kvugl,3.960396039599502
1759307129,server.bnsdq.ozxfs.rzona.kvugl,17.171717171728307
1759307135,server.bnsdq.ozxfs.rzona.kvugl,8.080808080802514
1759307141,server.bnsdq.ozxfs.rzona.kvugl,4.999999999986358
1759307147,server.bnsdq.ozxfs.rzona.kvugl,10.101010101049075
1759307153,server.bnsdq.ozxfs.rzona.kvugl,22.22222222220691
1759307159,server.bnsdq.ozxfs.rzona.kvugl,5.999999999983629
1759307165,server.bnsdq.ozxfs.rzona.kvugl,0
1759307171,server.bnsdq.ozxfs.rzona.kvugl,15.000000000009095
1759307177,server.bnsdq.ozxfs.rzona.kvugl,3.960396039622015
1759307183,server.bnsdq.ozxfs.rzona.kvugl,0
1759307189,server.bnsdq.ozxfs.rzona.kvugl,15.151515151527677
1759307195,server.bnsdq.ozxfs.rzona.kvugl,3.999999999989086
1759307201,server.bnsdq.ozxfs.rzona.kvugl,0
1759307207,server.bnsdq.ozxfs.rzona.kvugl,2.040816326529665
1759307213,server.bnsdq.ozxfs.rzona.kvugl,5.8823529411686035
1759307219,server.bnsdq.ozxfs.rzona.kvugl,4.040404040401257
1759307225,server.bnsdq.ozxfs.rzona.kvugl,15.15151515149984
1759307231,server.bnsdq.ozxfs.rzona.kvugl,14.999999999986358
1759307237,server.bnsdq.ozxfs.rzona.kvugl,8.080808080802514
1759307243,server.bnsdq.ozxfs.rzona.kvugl,3.0000000000027285
1759307249,server.bnsdq.ozxfs.rzona.kvugl,16.666666666644375
1759307255,server.bnsdq.ozxfs.rzona.kvugl,9.999999999990905
1759307261,server.bnsdq.ozxfs.rzona.kvugl,19.38775510205502
1759307267,server.bnsdq.ozxfs.rzona.kvugl,0
1759307273,server.bnsdq.ozxfs.rzona.kvugl,14.999999999986358
1759307279,server.bnsdq.ozxfs.rzona.kvugl,3.0303030303009426
1759307285,server.bnsdq.ozxfs.rzona.kvugl,0.9900990098998755
1759307291,server.bnsdq.ozxfs.rzona.kvugl,6.9999999999936335
1759307297,server.bnsdq.ozxfs.rzona.kvugl,16.1616161615983
1759307303,server.bnsdq.ozxfs.rzona.kvugl,1.980198019799751
1759307309,server.bnsdq.ozxfs.rzona.kvugl,3.9603960395923696
1759307315,server.bnsdq.ozxfs.rzona.kvugl,9.090909090902827
1759307321,server.bnsdq.ozxfs.rzona.kvugl,11.11111111112387
1759307327,server.bnsdq.ozxfs.rzona.kvugl,3.03030303030651
1759307333,server.bnsdq.ozxfs.rzona.kvugl,21.999999999985448
1759307339,server.bnsdq.ozxfs.rzona.kvugl,7.999999999992724
1759307345,server.bnsdq.ozxfs.rzona.kvugl,3.0303030303009426
1759307351,server.bnsdq.ozxfs.rzona.kvugl,9.090909090909092
1759307357,server.bnsdq.ozxfs.rzona.kvugl,15.000000000009095
1759307363,server.bnsdq.ozxfs.rzona.kvugl,4.000000000003638
1759307369,server.bnsdq.ozxfs.rzona.kvugl,16.831683168328198
1759307375,server.bnsdq.ozxfs.rzona.kvugl,15.841584158420522
1759307381,server.bnsdq.ozxfs.rzona.kvugl,3.9603960396066356
1759307387,server.bnsdq.ozxfs.rzona.kvugl,2.970297029699627
1759307393,server.bnsdq.ozxfs.rzona.kvugl,3.960396039599502
1759307399,server.bnsdq.ozxfs.rzona.kvugl,3.0303030302953746
1759307405,server.bnsdq.ozxfs.rzona.kvugl,12.121212121226737
1759307411,server.bnsdq.ozxfs.rzona.kvugl,14.141414141430381
1759307417,server.bnsdq.ozxfs.rzona.kvugl,15.151515151532552
1759307423,server.bnsdq.ozxfs.rzona.kvugl,9.090909090909092
1759307429,server.bnsdq.ozxfs.rzona.kvugl,3.999999999996362
1759307435,server.bnsdq.ozxfs.rzona.kvugl,18.181818181795215
1759307441,server.bnsdq.ozxfs.rzona.kvugl,23.76237623757673
1759307447,server.bnsdq.ozxfs.rzona.kvugl,3.960396039599502
1759307453,server.bnsdq.ozxfs.rzona.kvugl,14.000000000010004
1759307459,server.bnsdq.ozxfs.rzona.kvugl,8.080808080787666
1759307465,server.bnsdq.ozxfs.rzona.kvugl,3.999999999989086
1759307471,server.bnsdq.ozxfs.rzona.kvugl,16.000000000008185
1759307477,server.bnsdq.ozxfs.rzona.kvugl,30.99999999998363
1759307483,server.bnsdq.ozxfs.rzona.kvugl,3.0303030302724077
1759307489,server.bnsdq.ozxfs.rzona.kvugl,0
1759307495,server.bnsdq.ozxfs.rzona.kvugl,15.841584158398009
1759307501,server.bnsdq.ozxfs.rzona.kvugl,5.05050505051085
1759307507,server.bnsdq.ozxfs.rzona.kvugl,0
1759307513,server.bnsdq.ozxfs.rzona.kvugl,21.99999999997999
1759307519,server.bnsdq.ozxfs.rzona.kvugl,2.9999999999972715
1759307525,server.bnsdq.ozxfs.rzona.kvugl,0
1759307531,server.bnsdq.ozxfs.rzona.kvugl,5.05050505050157
1759307537,server.bnsdq.ozxfs.rzona.kvugl,3.0303030303009426
1759307543,server.bnsdq.ozxfs.rzona.kvugl,0
1759307549,server.bnsdq.ozxfs.rzona.kvugl,16.1616161615983
1759307555,server.bnsdq.ozxfs.rzona.kvugl,15.000000000009095
1759307561,server.bnsdq.ozxfs.rzona.kvugl,8.080808080802514
1759307567,server.bnsdq.ozxfs.rzona.kvugl,5.1020408163241635
1759307573,server.bnsdq.ozxfs.rzona.kvugl,15.306122448944079
1759307579,server.bnsdq.ozxfs.rzona.kvugl,8.080808080802514
1759307585,server.bnsdq.ozxfs.rzona.kvugl,17.000000000007276
1759307591,server.bnsdq.ozxfs.rzona.kvugl,0
1759307597,server.bnsdq.ozxfs.rzona.kvugl,14.999999999981812
1759307603,server.bnsdq.ozxfs.rzona.kvugl,5.05050505051085
1759307609,server.bnsdq.ozxfs.rzona.kvugl,0.9900990099016589
1759307615,server.bnsdq.ozxfs.rzona.kvugl,4.000000000019099
