timestamp,device_id,location,size,hash,owner,group
1759262676,vnc2.bnsdq.ozxfs.laefh.kvugl,/etc/systemd/network/eth1.network,2139,NqRNKKcJ4dqRjE/oo25i5w==,root,root
1759262676,vnc2.bnsdq.ozxfs.laefh.kvugl,/etc/systemd/network/eth2.network,120,6ULmXmpgU1gP8Ik3MUNM9w==,root,root
1759263949,vnc2.bnsdq.ozxfs.laefh.kvugl,/etc/systemd/network/eth0.network,235,DCbHQm9YF9ayuuAFIE0YKQ==,root,root
1759263949,vnc2.bnsdq.ozxfs.laefh.kvugl,/etc/systemd/network/eth1.network,2139,HTHcvrBbiZUy2TfKApv1eg==,root,root
1759264569,vnc2.bnsdq.ozxfs.laefh.kvugl,/etc/systemd/network/eth0.network,235,ToPUM/fJqFLun7DDeAuvdA==,root,root
1759264569,vnc2.bnsdq.ozxfs.laefh.kvugl,/etc/systemd/network/eth1.network,2139,jX1nM2Wx28lpnX2eYP9uYQ==,root,root
1759265813,vnc2.bnsdq.ozxfs.laefh.kvugl,/etc/systemd/network/eth0.network,235,XR+SwQzBzsuOtlQ4EyPOrg==,root,root
1759266436,vnc2.bnsdq.ozxfs.laefh.kvugl,/etc/systemd/network/eth0.network,235,ToPUM/fJqFLun7DDeAuvdA==,root,root
1759266436,vnc2.bnsdq.ozxfs.laefh.kvugl,/etc/systemd/network/eth1.network,2139,NqRNKKcJ4dqRjE/oo25i5w==,root,root
1759267058,vnc2.bnsdq.ozxfs.laefh.kvugl,/etc/systemd/network/eth1.network,2139,jX1nM2Wx28lpnX2eYP9uYQ==,root,root
